canonical_archive_name,csv_member,rows,rows_with_narrative,csv_size_MB
CCDB_Export_4_November_2022_through_August_2023.zip,CCDB_Export_4_November_2022_through_August_2023.csv,987495,388495,728.81
CCDB_Export_5_September_2023_through_March_2024.zip,CCDB_Export_5_September_2023_through_March_2024.csv,945532,318804,618.27
CCDB_Export_6_April_2024_through_July_2024.zip,CCDB_Export_6_April_2024_through_July_2024.csv,839903,276332,517.11
CCDB_Export_7_August_2024_through_October_2024.zip,CCDB_Export_7_August_2024_through_October_2024.csv,824514,229944,484.57
CCDB_Export_8_November_2024_through_December_2024.zip,CCDB_Export_8_November_2024_through_December_2024.csv,591058,154916,347.91
CCDB_Export_9_January_2025_through_February_2025.zip,CCDB_Export_9_January_2025_through_February_2025.csv,811019,265405,491.91
CCDB_Export_10_March_2025_through_April_2025.zip,CCDB_Export_10_March_2025_through_April_2025.csv,803073,210147,452.46
CCDB_Export_11_May_2025_through_June_2025.zip,CCDB_Export_11_May_2025_through_June_2025.csv,827343,219632,482.81
CCDB_Export_12_July_2025_through_August_2025.zip,CCDB_Export_12_July_2025_through_August_2025.csv,968761,234404,548.88
CCDB_Export_13_September_2025_through_October_2025.zip,CCDB_Export_13_September_2025_through_October_2025.csv,1023636,157821,488.12
CCDB_Export_14_November_2025_through_December_2025.zip,CCDB_Export_14_November_2025_through_December_2025.csv,1009132,134641,462.62
CCDB_Export_15_January_2026_through_February_2026.zip,CCDB_Export_15_January_2026_through_February_2026.csv,1038383,34351,366.51
CCDB_Export_16_March_2026.zip,CCDB_Export_16_March_2026.csv,614945,21640,219.59
CCDB_Export_17_April_2026.zip,CCDB_Export_17_April_2026.csv,618293,21052,223.48
CCDB_Export_18_May_2026.zip,CCDB_Export_18_May_2026.csv,619940,17528,219.62
CCDB_Export_19_June_2026.zip,CCDB_Export_19_June_2026.csv,620794,16820,219.86
CCDB_Export_20_July_2026.zip,CCDB_Export_20_July_2026.csv,672036,10002,216.25
CCDB_Export_21_August_2026.zip,CCDB_Export_21_August_2026.csv,667140,1,177.21
